sample_idx,rtt_ms
0,0.096068
1,0.092477
2,0.089854
3,0.111632
4,0.091180
5,0.090659
6,0.111900
7,0.105493
8,0.091121
9,0.090860
10,0.107400
11,0.091463
12,0.091366
13,0.090979
14,0.089280
15,0.112765
16,0.110596
17,0.098757
18,0.098586
19,0.116251
20,0.111111
21,0.114061
22,0.097483
23,0.109263
24,0.111043
25,0.098094
26,0.114910
27,0.107899
28,0.097446
29,0.113875
30,0.112444
31,0.097714
32,0.097275
33,0.108525
34,0.098206
35,0.098079
36,0.098184
37,0.095516
38,0.097826
39,0.114530
40,0.097297
41,0.098333
42,0.128299
43,0.097491
44,0.096254
45,0.102736
46,0.098087
47,0.098348
48,0.118673
49,0.097997
50,0.097536
51,0.125982
52,0.097744
53,0.099495
54,0.114001
55,0.110850
56,0.098400
57,0.100918
58,0.109144
59,0.097625
60,0.098467
61,0.111103
62,0.097625
63,0.099495
64,0.115655
65,0.096038
66,0.098370
67,0.112355
68,0.097528
69,0.098854
70,0.111230
71,0.098430
72,0.098951
73,0.098102
74,0.096589
75,0.099383
76,0.116937
77,0.097819
78,0.097759
79,0.107132
80,0.098586
81,0.096716
82,0.117399
83,0.109687
84,0.098065
85,0.098094
86,0.131510
87,0.093728
88,0.094421
89,0.093274
90,0.093527
91,0.093184
92,0.111729
93,0.093855
94,0.093520
95,0.110142
96,0.094198
97,0.093140
98,0.112124
99,0.093743
100,0.092708
101,0.093125
102,0.091590
103,0.093289
104,0.112280
105,0.083253
106,0.093058
107,0.120409
108,0.093386
109,0.092648
110,0.110961
111,0.105508
112,0.093028
113,0.093080
114,0.093237
115,0.093125
116,0.118181
117,0.092931
118,0.090972
119,0.093311
120,0.093579
121,0.093669
122,0.092842
123,0.106633
124,0.093587
125,0.112109
126,0.093974
127,0.098899
128,0.098288
129,0.098057
130,0.097714
131,0.098482
132,0.096776
133,0.097796
134,0.112504
135,0.097148
136,0.098079
137,0.115328
138,0.109844
139,0.097960
140,0.098154
141,0.098392
142,0.098772
143,0.114419
144,0.098102
145,0.098512
146,0.097208
147,0.110693
148,0.097446
149,0.109039
150,0.097543
151,0.097640
152,0.099070
153,0.096723
154,0.111118
155,0.095159
156,0.098027
157,0.110075
158,0.097834
159,0.098243
160,0.122644
161,0.098139
162,0.094637
163,0.109673
164,0.093348
165,0.108659
166,0.109278
167,0.098221
168,0.093043
169,0.108302
170,0.093877
171,0.093997
172,0.107691
173,0.093192
174,0.093922
175,0.108443
176,0.093356
177,0.108190
178,0.097409
179,0.093877
180,0.111394
181,0.093214
182,0.093684
183,0.092864
184,0.108354
185,0.090897
186,0.094332
187,0.108302
188,0.093356
189,0.092827
190,0.121348
191,0.092976
192,0.094362
193,0.111759
194,0.093006
195,0.093386
196,0.107788
197,0.094064
198,0.093594
199,0.096828
200,0.098340
201,0.098273
202,0.109911
203,0.099264
204,0.098012
205,0.109576
206,0.098862
207,0.098415
208,0.111394
209,0.115924
210,0.098504
211,0.116594
212,0.099644
213,0.099160
214,0.099853
215,0.101328
216,0.100099
217,0.099860
218,0.106618
219,0.093758
220,0.092357
221,0.094429
222,0.091381
223,0.107966
224,0.096954
225,0.093408
226,0.114180
227,0.094920
228,0.093579
229,0.108771
230,0.093892
231,0.093438
232,0.111543
233,0.093713
234,0.092722
235,0.107899
236,0.095107
237,0.106737
238,0.093035
239,0.099614
240,0.100985
241,0.108771
242,0.092477
243,0.091657
244,0.083230
245,0.107042
246,0.092983
247,0.093378
248,0.108361
249,0.093251
250,0.091940
251,0.116691
252,0.092164
253,0.093982
254,0.104018
255,0.093229
256,0.094563
257,0.106931
258,0.094160
259,0.090733
260,0.105746
261,0.109471
262,0.093266
263,0.105321
264,0.112109
265,0.105985
266,0.097692
267,0.112072
268,0.099316
269,0.101440
270,0.115700
271,0.100233
272,0.100397
273,0.111006
274,0.094056
275,0.093997
276,0.114672
277,0.094071
278,0.093430
279,0.106610
280,0.091836
281,0.094548
282,0.107035
283,0.095382
284,0.095122
285,0.109360
286,0.093594
287,0.094377
288,0.108823
289,0.102460
290,0.107616
291,0.094280
292,0.103682
293,0.094227
294,0.092901
295,0.108048
296,0.091366
297,0.112444
298,0.108391
299,0.094756
300,0.094444
301,0.109911
302,0.094242
303,0.106089
304,0.094309
305,0.094086
306,0.119075
307,0.109710
308,0.093982
309,0.094213
310,0.108942
311,0.107639
312,0.095226
313,0.106715
314,0.094488
315,0.094436
316,0.113539
317,0.094458
318,0.121422
319,0.095084
320,0.093445
321,0.110939
322,0.093222
323,0.094257
324,0.095174
325,0.093080
326,0.091501
327,0.094421
328,0.094108
329,0.093520
330,0.094064
331,0.107564
332,0.093989
333,0.096492
334,0.097468
335,0.094637
336,0.093810
337,0.109084
338,0.093766
339,0.094175
340,0.107393
341,0.094563
342,0.092819
343,0.113599
344,0.094384
345,0.094093
346,0.107951
347,0.094265
348,0.093654
349,0.106573
350,0.094496
351,0.094175
352,0.094324
353,0.093639
354,0.122987
355,0.093751
356,0.092119
357,0.094019
358,0.106230
359,0.094943
360,0.094302
361,0.094302
362,0.095591
363,0.118203
364,0.108451
365,0.094391
366,0.109680
367,0.093833
368,0.093579
369,0.094116
370,0.095263
371,0.093393
372,0.094205
373,0.104479
374,0.094414
375,0.093922
376,0.123337
377,0.092663
378,0.093535
379,0.108227
380,0.094920
381,0.093848
382,0.112571
383,0.094511
384,0.093572
385,0.109300
386,0.092320
387,0.094548
388,0.107951
389,0.094771
390,0.094458
391,0.104003
392,0.094831
393,0.091478
394,0.111558
395,0.094712
396,0.093386
397,0.109702
398,0.109047
399,0.094578
400,0.121772
401,0.094898
402,0.094257
403,0.109568
404,0.094362
405,0.094101
406,0.110127
407,0.093192
408,0.094995
409,0.093907
410,0.094339
411,0.094548
412,0.116669
413,0.094466
414,0.094317
415,0.094131
416,0.093818
417,0.094689
418,0.108391
419,0.093594
420,0.094317
421,0.104055
422,0.107288
423,0.092380
424,0.098310
425,0.103325
426,0.093706
427,0.094533
428,0.095010
429,0.095457
430,0.115328
431,0.095196
432,0.094436
433,0.094123
434,0.094056
435,0.094846
436,0.103228
437,0.092939
438,0.094399
439,0.108272
440,0.094496
441,0.094131
442,0.107333
443,0.094555
444,0.094116
445,0.108004
446,0.093773
447,0.094950
448,0.094913
449,0.103340
450,0.094280
451,0.094183
452,0.104129
453,0.092983
454,0.104398
455,0.110812
456,0.094593
457,0.094362
458,0.121139
459,0.111036
460,0.092112
461,0.108130
462,0.094801
463,0.094607
464,0.113025
465,0.094339
466,0.094451
467,0.107996
468,0.094458
469,0.094518
470,0.107385
471,0.095308
472,0.095263
473,0.108272
474,0.109129
475,0.094205
476,0.107639
477,0.094205
478,0.094928
479,0.108682
480,0.108734
481,0.093117
482,0.094205
483,0.097461
484,0.095345
485,0.094548
486,0.098780
487,0.095248
488,0.106722
489,0.106707
490,0.092775
491,0.095323
492,0.094138
493,0.094049
494,0.093669
495,0.093907
496,0.094242
497,0.108100
498,0.094622
499,0.093997
500,0.103474
501,0.093684
502,0.094049
503,0.106737
504,0.092603
505,0.094146
506,0.110991
507,0.094488
508,0.094160
509,0.113554
510,0.109099
511,0.093855
512,0.094853
513,0.097789
514,0.094280
515,0.095107
516,0.103712
517,0.094414
518,0.093512
519,0.106715
520,0.092007
521,0.094801
522,0.107490
523,0.095010
524,0.095725
525,0.119880
526,0.094049
527,0.093095
528,0.107802
529,0.094905
530,0.094317
531,0.114150
532,0.094533
533,0.096172
534,0.105351
535,0.093877
536,0.094369
537,0.108846
538,0.112645
539,0.095524
540,0.094190
541,0.093691
542,0.094190
543,0.107571
544,0.094205
545,0.095002
546,0.098214
547,0.095062
548,0.093788
549,0.109397
550,0.092179
551,0.094377
552,0.115357
553,0.094637
554,0.094518
555,0.123769
556,0.094391
557,0.091866
558,0.117749
559,0.108786
560,0.093967
561,0.119291
562,0.094287
563,0.094540
564,0.114426
565,0.094995
566,0.094429
567,0.095479
568,0.094138
569,0.094593
570,0.094958
571,0.092424
572,0.094496
573,0.104561
574,0.095032
575,0.094749
576,0.110336
577,0.094995
578,0.094570
579,0.094108
580,0.091925
581,0.093967
582,0.112534
583,0.094742
584,0.094585
585,0.123128
586,0.094742
587,0.092961
588,0.103951
589,0.094414
590,0.094533
591,0.098914
592,0.094615
593,0.094175
594,0.111520
595,0.094861
596,0.094727
597,0.106968
598,0.094242
599,0.093780
600,0.094607
601,0.093065
602,0.094786
603,0.110060
604,0.094928
605,0.094853
606,0.111908
607,0.096358
608,0.094406
609,0.104755
610,0.107780
611,0.094287
612,0.094742
613,0.108972
614,0.094555
615,0.093274
616,0.118092
617,0.091992
618,0.094667
619,0.104763
620,0.103861
621,0.101201
622,0.108771
623,0.094093
624,0.091977
625,0.106774
626,0.094295
627,0.095002
628,0.110999
629,0.094548
630,0.108242
631,0.111349
632,0.094183
633,0.095308
634,0.112131
635,0.107318
636,0.094213
637,0.094928
638,0.102468
639,0.094377
640,0.094175
641,0.097588
642,0.094876
643,0.095710
644,0.106841
645,0.103161
646,0.094317
647,0.108935
648,0.094697
649,0.095285
650,0.110380
651,0.095360
652,0.093766
653,0.111207
654,0.092171
655,0.094689
656,0.108898
657,0.094481
658,0.094056
659,0.117682
660,0.094198
661,0.094905
662,0.107512
663,0.094138
664,0.094362
665,0.107303
666,0.093825
667,0.094503
668,0.108242
669,0.094421
670,0.094213
671,0.106819
672,0.094898
673,0.094406
674,0.113457
675,0.092804
676,0.094503
677,0.112772
678,0.094220
679,0.094816
680,0.094555
681,0.108443
682,0.092976
683,0.095129
684,0.094049
685,0.094332
686,0.094339
687,0.107475
688,0.095338
689,0.094734
690,0.107571
691,0.091925
692,0.102907
693,0.111260
694,0.094697
695,0.093989
696,0.103369
697,0.094444
698,0.093743
699,0.094309
700,0.095055
701,0.095092
702,0.106283
703,0.094622
704,0.095576
705,0.108682
706,0.094689
707,0.094876
708,0.112064
709,0.098020
710,0.094764
711,0.094853
712,0.092037
713,0.094555
714,0.112027
715,0.094965
716,0.095025
717,0.094071
718,0.094108
719,0.094503
720,0.094406
721,0.092618
722,0.094324
723,0.116624
724,0.094101
725,0.093773
726,0.123665
727,0.094421
728,0.112496
729,0.113569
730,0.108279
731,0.094540
732,0.094764
733,0.119701
734,0.095561
735,0.095055
736,0.108324
737,0.095017
738,0.094607
739,0.107005
740,0.095315
741,0.094742
742,0.107847
743,0.111178
744,0.094377
745,0.093669
746,0.094526
747,0.095591
748,0.107266
749,0.095040
750,0.104353
751,0.097960
752,0.094570
753,0.095226
754,0.104606
755,0.094615
756,0.093438
757,0.107430
758,0.092641
759,0.095323
760,0.106879
761,0.094995
762,0.094116
763,0.127725
764,0.094265
765,0.096969
766,0.107437
767,0.094399
768,0.093952
769,0.094183
770,0.109538
771,0.106804
772,0.114612
773,0.094771
774,0.094458
775,0.103012
776,0.108987
777,0.094816
778,0.094973
779,0.092104
780,0.094838
781,0.110179
782,0.094406
783,0.094898
784,0.094146
785,0.094593
786,0.094533
787,0.117488
788,0.107393
789,0.095956
790,0.095174
791,0.094548
792,0.112809
793,0.094123
794,0.094838
795,0.093766
796,0.108168
797,0.094950
798,0.095144
799,0.108182
800,0.092335
801,0.095174
802,0.108659
803,0.094853
804,0.094496
805,0.112832
806,0.114411
807,0.096671
808,0.094570
809,0.108466
810,0.094660
811,0.095315
812,0.111319
813,0.094436
814,0.106685
815,0.107028
816,0.093602
817,0.095069
818,0.105754
819,0.108905
820,0.094943
821,0.105537
822,0.107646
823,0.094369
824,0.094526
825,0.098825
826,0.095069
827,0.095062
828,0.095092
829,0.094339
830,0.093862
831,0.108376
832,0.093222
833,0.104465
834,0.105537
835,0.094838
836,0.117347
837,0.104591
838,0.094220
839,0.095837
840,0.105433
841,0.094302
842,0.094652
843,0.103772
844,0.095554
845,0.093877
846,0.108734
847,0.095204
848,0.094496
849,0.116579
850,0.095516
851,0.111081
852,0.094987
853,0.092700
854,0.094704
855,0.094250
856,0.094555
857,0.098363
858,0.117473
859,0.112996
860,0.093102
861,0.094056
862,0.107676
863,0.095285
864,0.094697
865,0.108048
866,0.094488
867,0.094771
868,0.110134
869,0.092827
870,0.094183
871,0.103869
872,0.094391
873,0.094607
874,0.121333
875,0.094287
876,0.094146
877,0.103876
878,0.094272
879,0.094771
880,0.104658
881,0.094153
882,0.094280
883,0.104934
884,0.094146
885,0.094630
886,0.104539
887,0.094883
888,0.104859
889,0.115782
890,0.096060
891,0.094302
892,0.108175
893,0.094794
894,0.095703
895,0.094503
896,0.094756
897,0.094257
898,0.109993
899,0.091471
900,0.094436
901,0.107579
902,0.094377
903,0.094920
904,0.114352
905,0.103652
906,0.091970
907,0.108689
908,0.108309
909,0.095055
910,0.108294
911,0.108749
912,0.094250
913,0.092804
914,0.106312
915,0.094779
916,0.094958
917,0.109471
918,0.094883
919,0.094272
920,0.113927
921,0.093937
922,0.094526
923,0.099979
924,0.094905
925,0.094891
926,0.112355
927,0.094265
928,0.094384
929,0.112049
930,0.094518
931,0.094347
932,0.113852
933,0.094831
934,0.094086
935,0.099599
936,0.091806
937,0.093892
938,0.113815
939,0.109024
940,0.094913
941,0.132963
942,0.108182
943,0.092804
944,0.111632
945,0.094749
946,0.094675
947,0.107504
948,0.094697
949,0.094362
950,0.122793
951,0.108689
952,0.095494
953,0.095911
954,0.110358
955,0.109181
956,0.094458
957,0.108317
958,0.095002
959,0.095554
960,0.112355
961,0.093892
962,0.093982
963,0.103816
964,0.094153
965,0.094831
966,0.106454
967,0.094533
968,0.095025
969,0.109226
970,0.094756
971,0.094794
972,0.108652
973,0.092082
974,0.115603
975,0.106752
976,0.110239
977,0.094138
978,0.119805
979,0.094444
980,0.095680
981,0.111915
982,0.094682
983,0.094607
984,0.110999
985,0.095025
986,0.094585
987,0.111982
988,0.094600
989,0.094049
990,0.112236
991,0.109553
992,0.094064
993,0.094838
994,0.091821
995,0.094391
996,0.103764
997,0.094399
998,0.095069
999,0.094838
1000,0.094183
1001,0.094898
1002,0.094533
1003,0.095606
1004,0.094369
1005,0.110894
1006,0.095047
1007,0.095353
1008,0.123754
1009,0.095077
1010,0.092842
1011,0.112496
1012,0.101238
1013,0.094719
1014,0.104971
1015,0.094429
1016,0.095144
1017,0.106387
1018,0.097156
1019,0.101119
1020,0.099428
1021,0.095017
1022,0.094756
1023,0.111409
1024,0.093035
1025,0.094369
1026,0.094831
1027,0.094630
1028,0.094675
1029,0.094712
1030,0.104010
1031,0.094958
1032,0.094950
1033,0.110961
1034,0.104263
1035,0.102729
1036,0.094935
1037,0.095338
1038,0.095382
1039,0.106789
1040,0.091590
1041,0.095032
1042,0.103839
1043,0.095345
1044,0.095397
1045,0.126749
1046,0.095032
1047,0.093721
1048,0.110641
1049,0.095442
1050,0.095338
1051,0.114001
1052,0.094198
1053,0.095211
1054,0.106424
1055,0.094309
1056,0.094697
1057,0.109479
1058,0.101656
1059,0.094660
1060,0.094898
1061,0.094071
1062,0.095189
1063,0.106983
1064,0.095323
1065,0.095122
1066,0.106901
1067,0.095360
1068,0.095583
1069,0.094980
1070,0.096150
1071,0.095099
1072,0.114292
1073,0.095934
1074,0.094905
1075,0.122420
1076,0.095911
1077,0.093289
1078,0.108451
1079,0.095151
1080,0.095278
1081,0.121564
1082,0.095002
1083,0.095084
1084,0.108764
1085,0.094764
1086,0.094749
1087,0.113256
1088,0.098079
1089,0.095092
1090,0.094548
1091,0.093609
1092,0.094742
1093,0.110470
1094,0.095837
1095,0.094578
1096,0.108987
1097,0.095375
1098,0.104375
1099,0.109732
1100,0.092775
1101,0.094824
1102,0.108622
1103,0.095174
1104,0.094697
1105,0.103250
1106,0.094347
1107,0.093758
1108,0.112936
1109,0.102997
1110,0.094362
1111,0.095330
1112,0.096306
1113,0.094995
1114,0.113629
1115,0.094742
1116,0.094973
1117,0.103369
1118,0.094876
1119,0.095680
1120,0.094764
1121,0.093274
1122,0.109732
1123,0.098810
1124,0.095226
1125,0.096552
1126,0.106074
1127,0.094883
1128,0.094838
1129,0.098526
1130,0.092559
1131,0.095122
1132,0.113800
1133,0.095710
1134,0.094965
1135,0.115760
1136,0.094935
1137,0.092849
1138,0.105716
1139,0.094905
1140,0.094309
1141,0.105239
1142,0.094794
1143,0.094451
1144,0.111066
1145,0.094876
1146,0.095241
1147,0.100821
1148,0.097290
1149,0.094682
1150,0.110894
1151,0.092380
1152,0.094466
1153,0.103436
1154,0.094168
1155,0.094987
1156,0.095874
1157,0.095710
1158,0.094913
1159,0.103422
1160,0.105470
1161,0.094756
1162,0.110433
1163,0.106722
1164,0.095136
1165,0.093922
1166,0.103779
1167,0.097655
1168,0.110857
1169,0.094607
1170,0.094697
1171,0.094697
1172,0.117898
1173,0.095457
1174,0.093393
1175,0.110887
1176,0.094689
1177,0.095084
1178,0.108689
1179,0.095069
1180,0.097528
1181,0.105545
1182,0.094600
1183,0.093713
1184,0.110857
1185,0.099696
1186,0.094354
1187,0.094466
1188,0.093699
1189,0.094667
1190,0.109389
1191,0.094891
1192,0.094734
1193,0.108100
1194,0.094831
1195,0.095248
1196,0.113115
1197,0.112034
1198,0.105850
1199,0.117794
1200,0.094980
1201,0.095174
1202,0.095144
1203,0.109918
1204,0.095628
1205,0.094667
1206,0.095136
1207,0.094861
1208,0.094406
1209,0.109397
1210,0.107706
1211,0.103250
1212,0.121847
1213,0.095673
1214,0.102840
1215,0.094272
1216,0.105925
1217,0.095077
1218,0.095159
1219,0.094868
1220,0.094377
1221,0.094846
1222,0.107549
1223,0.094354
1224,0.094518
1225,0.106700
1226,0.094563
1227,0.095703
1228,0.116259
1229,0.094846
1230,0.094488
1231,0.119947
1232,0.092976
1233,0.095285
1234,0.109360
1235,0.095055
1236,0.093587
1237,0.111617
1238,0.106089
1239,0.105307
1240,0.104696
1241,0.094794
1242,0.095621
1243,0.103377
1244,0.094518
1245,0.094458
1246,0.094593
1247,0.096895
1248,0.094309
1249,0.108324
1250,0.095293
1251,0.099704
1252,0.112288
1253,0.113212
1254,0.099145
1255,0.112660
1256,0.099279
1257,0.100195
1258,0.100054
1259,0.117309
1260,0.094987
1261,0.095733
1262,0.112839
1263,0.094816
1264,0.094526
1265,0.106171
1266,0.095263
1267,0.094645
1268,0.109978
1269,0.094786
1270,0.109486
1271,0.096098
1272,0.094756
1273,0.094607
1274,0.107639
1275,0.093751
1276,0.095196
1277,0.104412
1278,0.095047
1279,0.112534
1280,0.107393
1281,0.100337
1282,0.109792
1283,0.093378
1284,0.095181
1285,0.094227
1286,0.107609
1287,0.095114
1288,0.094697
1289,0.094868
1290,0.094533
1291,0.095196
1292,0.122435
1293,0.095792
1294,0.094734
1295,0.095516
1296,0.094973
1297,0.094995
1298,0.106901
1299,0.093043
1300,0.095390
1301,0.108108
1302,0.094734
1303,0.094600
1304,0.106961
1305,0.106610
1306,0.109382
1307,0.094995
1308,0.108704
1309,0.094794
1310,0.094689
1311,0.110298
1312,0.098996
1313,0.094905
1314,0.107817
1315,0.093348
1316,0.095367
1317,0.095956
1318,0.094928
1319,0.094712
1320,0.094756
1321,0.095688
1322,0.110991
1323,0.095546
1324,0.094123
1325,0.101656
1326,0.095405
1327,0.095263
1328,0.095122
1329,0.092886
1330,0.094548
1331,0.106514
1332,0.094742
1333,0.095710
1334,0.118367
1335,0.094689
1336,0.095315
1337,0.094645
1338,0.092462
1339,0.095636
1340,0.112519
1341,0.108860
1342,0.095032
1343,0.118010
1344,0.094727
1345,0.091888
1346,0.122815
1347,0.095233
1348,0.094973
1349,0.110045
1350,0.119083
1351,0.094861
1352,0.114039
1353,0.105523
1354,0.095569
1355,0.107013
1356,0.095524
1357,0.095323
1358,0.109881
1359,0.094816
1360,0.095069
1361,0.094824
1362,0.103429
1363,0.096045
1364,0.094861
1365,0.105485
1366,0.094533
1367,0.099592
1368,0.117533
1369,0.095867
1370,0.093780
1371,0.110239
1372,0.109419
1373,0.095382
1374,0.107095
1375,0.110507
1376,0.095248
1377,0.109307
1378,0.094824
1379,0.110075
1380,0.094660
1381,0.095069
1382,0.092909
1383,0.110865
1384,0.094503
1385,0.117250
1386,0.114560
1387,0.102915
1388,0.094675
1389,0.101246
1390,0.095293
1391,0.094764
1392,0.107892
1393,0.096031
1394,0.094749
1395,0.106744
1396,0.092559
1397,0.094831
1398,0.095658
1399,0.107870
1400,0.095695
1401,0.094496
1402,0.109233
1403,0.094593
1404,0.095606
1405,0.106268
1406,0.094742
1407,0.095353
1408,0.107631
1409,0.109643
1410,0.094511
1411,0.107490
1412,0.091933
1413,0.095434
1414,0.106633
1415,0.094801
1416,0.094905
1417,0.105709
1418,0.095420
1419,0.105694
1420,0.095218
1421,0.095136
1422,0.118300
1423,0.109158
1424,0.096358
1425,0.103667
1426,0.093944
1427,0.094779
1428,0.094943
1429,0.094764
1430,0.112697
1431,0.103734
1432,0.094905
1433,0.085235
1434,0.108130
1435,0.095516
1436,0.095107
1437,0.105955
1438,0.094764
1439,0.094555
1440,0.111021
1441,0.094466
1442,0.096135
1443,0.109427
1444,0.095367
1445,0.095390
1446,0.104748
1447,0.095360
1448,0.094689
1449,0.097558
1450,0.095226
1451,0.096053
1452,0.095062
1453,0.107788
1454,0.095002
1455,0.095829
1456,0.093259
1457,0.095405
1458,0.109293
1459,0.095136
1460,0.095502
1461,0.112616
1462,0.094816
1463,0.095122
1464,0.094794
1465,0.092961
1466,0.095226
1467,0.106826
1468,0.095434
1469,0.095345
1470,0.094451
1471,0.095375
1472,0.106364
1473,0.095472
1474,0.096932
1475,0.107773
1476,0.107683
1477,0.094660
1478,0.095084
1479,0.107773
1480,0.095509
1481,0.094734
1482,0.109233
1483,0.095047
1484,0.094779
1485,0.095263
1486,0.096165
1487,0.111625
1488,0.114098
1489,0.095181
1490,0.095591
1491,0.102453
1492,0.110112
1493,0.084318
1494,0.094920
1495,0.112824
1496,0.095196
1497,0.095323
1498,0.107840
1499,0.095442
1500,0.094421
1501,0.105776
1502,0.092559
1503,0.117093
1504,0.110514
1505,0.095524
1506,0.094816
1507,0.108659
1508,0.100218
1509,0.113815
1510,0.095151
1511,0.095204
1512,0.094712
1513,0.107639
1514,0.095300
1515,0.096001
1516,0.109993
1517,0.095524
1518,0.094675
1519,0.095025
1520,0.095010
1521,0.095442
1522,0.107981
1523,0.096269
1524,0.095144
1525,0.107177
1526,0.095554
1527,0.095688
1528,0.107914
1529,0.095747
1530,0.088818
1531,0.112340
1532,0.092909
1533,0.094995
1534,0.108577
1535,0.095926
1536,0.094898
1537,0.135519
1538,0.095487
1539,0.091903
1540,0.098251
1541,0.095844
1542,0.094973
1543,0.098720
1544,0.095315
1545,0.095099
1546,0.106968
1547,0.095472
1548,0.095896
1549,0.108324
1550,0.095569
1551,0.096038
1552,0.108607
1553,0.092715
1554,0.095338
1555,0.113957
1556,0.094637
1557,0.094876
1558,0.094436
1559,0.098720
1560,0.095479
1561,0.095457
1562,0.095323
1563,0.094488
1564,0.095248
1565,0.106491
1566,0.094913
1567,0.104807
1568,0.099480
1569,0.093557
1570,0.095151
1571,0.108205
1572,0.096232
1573,0.094987
1574,0.113554
1575,0.095308
1576,0.114977
1577,0.095263
1578,0.096075
1579,0.114180
1580,0.095293
1581,0.095434
1582,0.111140
1583,0.096858
1584,0.095613
1585,0.117332
1586,0.094369
1587,0.095196
1588,0.107303
1589,0.116028
1590,0.096157
1591,0.094667
1592,0.092909
1593,0.095248
1594,0.111677
1595,0.095114
1596,0.095233
1597,0.104465
1598,0.107214
1599,0.090979
1600,0.101738
1601,0.095427
1602,0.094824
1603,0.112973
1604,0.094660
1605,0.095390
1606,0.114441
1607,0.094905
1608,0.095025
1609,0.106923
1610,0.094652
1611,0.094704
1612,0.094727
1613,0.093274
1614,0.095084
1615,0.108905
1616,0.095047
1617,0.095770
1618,0.110626
1619,0.095747
1620,0.121742
1621,0.095002
1622,0.091292
1623,0.094742
1624,0.107743
1625,0.095189
1626,0.107512
1627,0.087388
1628,0.096388
1629,0.108294
1630,0.109695
1631,0.096060
1632,0.095300
1633,0.107877
1634,0.096247
1635,0.095010
1636,0.112139
1637,0.110544
1638,0.095531
1639,0.094987
1640,0.095874
1641,0.094734
1642,0.094593
1643,0.094570
1644,0.094861
1645,0.107169
1646,0.095099
1647,0.095531
1648,0.114322
1649,0.094987
1650,0.095844
1651,0.095122
1652,0.107355
1653,0.095554
1654,0.094950
1655,0.095196
1656,0.094682
1657,0.085473
1658,0.107996
1659,0.092648
1660,0.094667
1661,0.107475
1662,0.095412
1663,0.094920
1664,0.124633
1665,0.095204
1666,0.091717
1667,0.107139
1668,0.094853
1669,0.095055
1670,0.107117
1671,0.108533
1672,0.094779
1673,0.107452
1674,0.094652
1675,0.095136
1676,0.109792
1677,0.096120
1678,0.094950
1679,0.107422
1680,0.094898
1681,0.098571
1682,0.098467
1683,0.096478
1684,0.095055
1685,0.108980
1686,0.094987
1687,0.110075
1688,0.107594
1689,0.092298
1690,0.095367
1691,0.107460
1692,0.094950
1693,0.095978
1694,0.119627
1695,0.095442
1696,0.093512
1697,0.110433
1698,0.094533
1699,0.095353
1700,0.108354
1701,0.109598
1702,0.095330
1703,0.107780
1704,0.094943
1705,0.095285
1706,0.107743
1707,0.095688
1708,0.095621
1709,0.108913
1710,0.095144
1711,0.094861
1712,0.097968
1713,0.095002
1714,0.094309
1715,0.096738
1716,0.095107
1717,0.109904
1718,0.094675
1719,0.096120
1720,0.111252
1721,0.108875
1722,0.095315
1723,0.104211
1724,0.095017
1725,0.094920
1726,0.092879
1727,0.094935
1728,0.095345
1729,0.094339
1730,0.106901
1731,0.095189
1732,0.094637
1733,0.092685
1734,0.095479
1735,0.105157
1736,0.095174
1737,0.104189
1738,0.120535
1739,0.108249
1740,0.095323
1741,0.115193
1742,0.095189
1743,0.099242
1744,0.094786
1745,0.095837
1746,0.095554
1747,0.093907
1748,0.104934
1749,0.089556
1750,0.095099
1751,0.094034
1752,0.095263
1753,0.095420
1754,0.106312
1755,0.094339
1756,0.122771
1757,0.094682
1758,0.094779
1759,0.109993
1760,0.111789
1761,0.095025
1762,0.094555
1763,0.114754
1764,0.095353
1765,0.094235
1766,0.115030
1767,0.095196
1768,0.094503
1769,0.115693
1770,0.098839
1771,0.094928
1772,0.123449
1773,0.095248
1774,0.094712
1775,0.112459
1776,0.102140
1777,0.095129
1778,0.095651
1779,0.106439
1780,0.107810
1781,0.095479
1782,0.095449
1783,0.094451
1784,0.130713
1785,0.095539
1786,0.093691
1787,0.106551
1788,0.094369
1789,0.095092
1790,0.113443
1791,0.095382
1792,0.095136
1793,0.096761
1794,0.095516
1795,0.094339
1796,0.117160
1797,0.095323
1798,0.094593
1799,0.109062
1800,0.094660
1801,0.094570
1802,0.113495
1803,0.095524
1804,0.094540
1805,0.112444
1806,0.105821
1807,0.087485
1808,0.107013
1809,0.108413
1810,0.095822
1811,0.094622
1812,0.108890
1813,0.095136
1814,0.094384
1815,0.108458
1816,0.092670
1817,0.095285
1818,0.108808
1819,0.094667
1820,0.095226
1821,0.124335
1822,0.094756
1823,0.092953
1824,0.109054
1825,0.094712
1826,0.095159
1827,0.114493
1828,0.094660
1829,0.094883
1830,0.109509
1831,0.095114
1832,0.095405
1833,0.109002
1834,0.094347
1835,0.095733
1836,0.114478
1837,0.093885
1838,0.095122
1839,0.107177
1840,0.094280
1841,0.095099
1842,0.108324
1843,0.096060
1844,0.088535
1845,0.109166
1846,0.110447
1847,0.095323
1848,0.095718
1849,0.096284
1850,0.095710
1851,0.117242
1852,0.095136
1853,0.096247
1854,0.114121
1855,0.095814
1856,0.095338
1857,0.094809
1858,0.094697
1859,0.094980
1860,0.117600
1861,0.094749
1862,0.095457
1863,0.114650
1864,0.098430
1865,0.094935
1866,0.095569
1867,0.093348
1868,0.096507
1869,0.107653
1870,0.095248
1871,0.095084
1872,0.110187
1873,0.095658
1874,0.096276
1875,0.098698
1876,0.093296
1877,0.095390
1878,0.105515
1879,0.108570
1880,0.095382
1881,0.101089
1882,0.108510
1883,0.093237
1884,0.104621
1885,0.094846
1886,0.094965
1887,0.105388
1888,0.095494
1889,0.094548
1890,0.093192
1891,0.104435
1892,0.095889
1893,0.095740
1894,0.113718
1895,0.093929
1896,0.094749
1897,0.104405
1898,0.095531
1899,0.095189
1900,0.107594
1901,0.095218
1902,0.095800
1903,0.095166
1904,0.093773
1905,0.095248
1906,0.103541
1907,0.094555
1908,0.095166
1909,0.105999
1910,0.095546
1911,0.095896
1912,0.105441
1913,0.090919
1914,0.094831
1915,0.111379
1916,0.095971
1917,0.095345
1918,0.131898
1919,0.104375
1920,0.099398
1921,0.101514
1922,0.111915
1923,0.095077
1924,0.094526
1925,0.104986
1926,0.094913
1927,0.113428
1928,0.095233
1929,0.094920
1930,0.103720
1931,0.095658
1932,0.101991
1933,0.101939
1934,0.090025
1935,0.095010
1936,0.107802
1937,0.094764
1938,0.095181
1939,0.108339
1940,0.111237
1941,0.111699
1942,0.113301
1943,0.097498
1944,0.095233
1945,0.094682
1946,0.095628
1947,0.094756
1948,0.095367
1949,0.109367
1950,0.092708
1951,0.100173
1952,0.111021
1953,0.112258
1954,0.099234
1955,0.089042
1956,0.099830
1957,0.097670
1958,0.118390
1959,0.094414
1960,0.094950
1961,0.113994
1962,0.107452
1963,0.095606
1964,0.096120
1965,0.110820
1966,0.094466
1967,0.094809
1968,0.104971
1969,0.095308
1970,0.095151
1971,0.106148
1972,0.095211
1973,0.095122
1974,0.106990
1975,0.094607
1976,0.094950
1977,0.106528
1978,0.095040
1979,0.094689
1980,0.105843
1981,0.094600
1982,0.095032
1983,0.108421
1984,0.095002
1985,0.093877
1986,0.094973
1987,0.093549
1988,0.113629
1989,0.108868
1990,0.100084
1991,0.099763
1992,0.116929
1993,0.095583
1994,0.092402
1995,0.108398
1996,0.095643
1997,0.094704
1998,0.110671
1999,0.094771
